{
  "code": "success",
  "data": [
    {
      "dataName": "3000套网站模板免费拥有.url",
      "dataSrc": "3000套网站模板免费拥有.url",
      "fileType": "file",
      "size": "1KB",
      "children": []
    },
    {
      "dataName": "backend",
      "dataSrc": "backend",
      "fileType": "folder",
      "size": "",
      "children": [
        {
          "dataName": "account_center.html",
          "dataSrc": "backend/account_center.html",
          "fileType": "file",
          "size": "15KB",
          "children": []
        },
        {
          "dataName": "assets.html",
          "dataSrc": "backend/assets.html",
          "fileType": "file",
          "size": "20KB",
          "children": []
        },
        {
          "dataName": "cloud_service.html",
          "dataSrc": "backend/cloud_service.html",
          "fileType": "file",
          "size": "29KB",
          "children": []
        },
        {
          "dataName": "ip.html",
          "dataSrc": "backend/ip.html",
          "fileType": "file",
          "size": "32KB",
          "children": []
        },
        {
          "dataName": "login.html",
          "dataSrc": "backend/login.html",
          "fileType": "file",
          "size": "3KB",
          "children": []
        },
        {
          "dataName": "mgt_console.html",
          "dataSrc": "backend/mgt_console.html",
          "fileType": "file",
          "size": "20KB",
          "children": []
        },
        {
          "dataName": "order-detail.html",
          "dataSrc": "backend/order-detail.html",
          "fileType": "file",
          "size": "17KB",
          "children": []
        },
        {
          "dataName": "order-handle.html",
          "dataSrc": "backend/order-handle.html",
          "fileType": "file",
          "size": "19KB",
          "children": []
        },
        {
          "dataName": "order.html",
          "dataSrc": "backend/order.html",
          "fileType": "file",
          "size": "20KB",
          "children": []
        },
        {
          "dataName": "safe_protect.html",
          "dataSrc": "backend/safe_protect.html",
          "fileType": "file",
          "size": "22KB",
          "children": []
        },
        {
          "dataName": "self-work.html",
          "dataSrc": "backend/self-work.html",
          "fileType": "file",
          "size": "14KB",
          "children": []
        },
        {
          "dataName": "self.html",
          "dataSrc": "backend/self.html",
          "fileType": "file",
          "size": "26KB",
          "children": []
        }
      ]
    },
    {
      "dataName": "business_cooperation.html",
      "dataSrc": "business_cooperation.html",
      "fileType": "file",
      "size": "6KB",
      "children": []
    },
    {
      "dataName": "buy.html",
      "dataSrc": "buy.html",
      "fileType": "file",
      "size": "27KB",
      "children": []
    },
    {
      "dataName": "css",
      "dataSrc": "css",
      "fileType": "folder",
      "size": "",
      "children": [
        {
          "dataName": "backend.css",
          "dataSrc": "css/backend.css",
          "fileType": "file",
          "size": "2KB",
          "children": []
        },
        {
          "dataName": "page",
          "dataSrc": "css/page",
          "fileType": "folder",
          "size": "",
          "children": [
            {
              "dataName": "backend",
              "dataSrc": "css/page/backend",
              "fileType": "folder",
              "size": "",
              "children": [
                {
                  "dataName": "account_center.css",
                  "dataSrc": "css/page/backend/account_center.css",
                  "fileType": "file",
                  "size": "2KB",
                  "children": []
                },
                {
                  "dataName": "assets.css",
                  "dataSrc": "css/page/backend/assets.css",
                  "fileType": "file",
                  "size": "4KB",
                  "children": []
                },
                {
                  "dataName": "cloud_service.css",
                  "dataSrc": "css/page/backend/cloud_service.css",
                  "fileType": "file",
                  "size": "7KB",
                  "children": []
                },
                {
                  "dataName": "ip.css",
                  "dataSrc": "css/page/backend/ip.css",
                  "fileType": "file",
                  "size": "1KB",
                  "children": []
                },
                {
                  "dataName": "login.css",
                  "dataSrc": "css/page/backend/login.css",
                  "fileType": "file",
                  "size": "3KB",
                  "children": []
                },
                {
                  "dataName": "mgt_console.css",
                  "dataSrc": "css/page/backend/mgt_console.css",
                  "fileType": "file",
                  "size": "10KB",
                  "children": []
                },
                {
                  "dataName": "order-detail.css",
                  "dataSrc": "css/page/backend/order-detail.css",
                  "fileType": "file",
                  "size": "2KB",
                  "children": []
                },
                {
                  "dataName": "order-handle.css",
                  "dataSrc": "css/page/backend/order-handle.css",
                  "fileType": "file",
                  "size": "1KB",
                  "children": []
                },
                {
                  "dataName": "order-manage.css",
                  "dataSrc": "css/page/backend/order-manage.css",
                  "fileType": "file",
                  "size": "1KB",
                  "children": []
                },
                {
                  "dataName": "safe_protect.css",
                  "dataSrc": "css/page/backend/safe_protect.css",
                  "fileType": "file",
                  "size": "3KB",
                  "children": []
                },
                {
                  "dataName": "self-work.css",
                  "dataSrc": "css/page/backend/self-work.css",
                  "fileType": "file",
                  "size": "1KB",
                  "children": []
                },
                {
                  "dataName": "self.css",
                  "dataSrc": "css/page/backend/self.css",
                  "fileType": "file",
                  "size": "1KB",
                  "children": []
                }
              ]
            },
            {
              "dataName": "frontend",
              "dataSrc": "css/page/frontend",
              "fileType": "folder",
              "size": "",
              "children": [
                {
                  "dataName": "business_cooperation.css",
                  "dataSrc": "css/page/frontend/business_cooperation.css",
                  "fileType": "file",
                  "size": "2KB",
                  "children": []
                },
                {
                  "dataName": "buy.css",
                  "dataSrc": "css/page/frontend/buy.css",
                  "fileType": "file",
                  "size": "1KB",
                  "children": []
                },
                {
                  "dataName": "help_center.css",
                  "dataSrc": "css/page/frontend/help_center.css",
                  "fileType": "file",
                  "size": "2KB",
                  "children": []
                },
                {
                  "dataName": "help_center_detail.css",
                  "dataSrc": "css/page/frontend/help_center_detail.css",
                  "fileType": "file",
                  "size": "6KB",
                  "children": []
                },
                {
                  "dataName": "home.css",
                  "dataSrc": "css/page/frontend/home.css",
                  "fileType": "file",
                  "size": "6KB",
                  "children": []
                },
                {
                  "dataName": "service.css",
                  "dataSrc": "css/page/frontend/service.css",
                  "fileType": "file",
                  "size": "2KB",
                  "children": []
                }
              ]
            }
          ]
        },
        {
          "dataName": "style.css",
          "dataSrc": "css/style.css",
          "fileType": "file",
          "size": "26KB",
          "children": []
        },
        {
          "dataName": "ui",
          "dataSrc": "css/ui",
          "fileType": "folder",
          "size": "",
          "children": [
            {
              "dataName": "u-silder.css",
              "dataSrc": "css/ui/u-silder.css",
              "fileType": "file",
              "size": "4KB",
              "children": []
            }
          ]
        }
      ]
    },
    {
      "dataName": "fonts",
      "dataSrc": "fonts",
      "fileType": "folder",
      "size": "",
      "children": [
        {
          "dataName": "demo.css",
          "dataSrc": "fonts/demo.css",
          "fileType": "file",
          "size": "3KB",
          "children": []
        },
        {
          "dataName": "demo.html",
          "dataSrc": "fonts/demo.html",
          "fileType": "file",
          "size": "26KB",
          "children": []
        },
        {
          "dataName": "iconfont.css",
          "dataSrc": "fonts/iconfont.css",
          "fileType": "file",
          "size": "5KB",
          "children": []
        },
        {
          "dataName": "iconfont.eot",
          "dataSrc": "fonts/iconfont.eot",
          "fileType": "file",
          "size": "41KB",
          "children": []
        },
        {
          "dataName": "iconfont.svg",
          "dataSrc": "fonts/iconfont.svg",
          "fileType": "file",
          "size": "64KB",
          "children": []
        },
        {
          "dataName": "iconfont.ttf",
          "dataSrc": "fonts/iconfont.ttf",
          "fileType": "file",
          "size": "41KB",
          "children": []
        },
        {
          "dataName": "iconfont.woff",
          "dataSrc": "fonts/iconfont.woff",
          "fileType": "file",
          "size": "27KB",
          "children": []
        }
      ]
    },
    {
      "dataName": "help_center.html",
      "dataSrc": "help_center.html",
      "fileType": "file",
      "size": "10KB",
      "children": []
    },
    {
      "dataName": "help_center_detail.html",
      "dataSrc": "help_center_detail.html",
      "fileType": "file",
      "size": "12KB",
      "children": []
    },
    {
      "dataName": "images",
      "dataSrc": "images",
      "fileType": "folder",
      "size": "",
      "children": [
        {
          "dataName": "backend",
          "dataSrc": "images/backend",
          "fileType": "folder",
          "size": "",
          "children": [
            {
              "dataName": "login",
              "dataSrc": "images/backend/login",
              "fileType": "folder",
              "size": "",
              "children": [
                {
                  "dataName": "loginbg.png",
                  "dataSrc": "images/backend/login/loginbg.png",
                  "fileType": "file",
                  "size": "455KB",
                  "children": []
                },
                {
                  "dataName": "loginbox.png",
                  "dataSrc": "images/backend/login/loginbox.png",
                  "fileType": "file",
                  "size": "331KB",
                  "children": []
                },
                {
                  "dataName": "logininputbg.png",
                  "dataSrc": "images/backend/login/logininputbg.png",
                  "fileType": "file",
                  "size": "330KB",
                  "children": []
                },
                {
                  "dataName": "login_logo.png",
                  "dataSrc": "images/backend/login/login_logo.png",
                  "fileType": "file",
                  "size": "332KB",
                  "children": []
                }
              ]
            }
          ]
        },
        {
          "dataName": "frontend",
          "dataSrc": "images/frontend",
          "fileType": "folder",
          "size": "",
          "children": [
            {
              "dataName": "al.png",
              "dataSrc": "images/frontend/al.png",
              "fileType": "file",
              "size": "186KB",
              "children": []
            },
            {
              "dataName": "banner1.png",
              "dataSrc": "images/frontend/banner1.png",
              "fileType": "file",
              "size": "434KB",
              "children": []
            },
            {
              "dataName": "dot.png",
              "dataSrc": "images/frontend/dot.png",
              "fileType": "file",
              "size": "18KB",
              "children": []
            },
            {
              "dataName": "hezuo",
              "dataSrc": "images/frontend/hezuo",
              "fileType": "folder",
              "size": "",
              "children": [
                {
                  "dataName": "a1.png",
                  "dataSrc": "images/frontend/hezuo/a1.png",
                  "fileType": "file",
                  "size": "16KB",
                  "children": []
                },
                {
                  "dataName": "a2.png",
                  "dataSrc": "images/frontend/hezuo/a2.png",
                  "fileType": "file",
                  "size": "36KB",
                  "children": []
                },
                {
                  "dataName": "a3.jpg",
                  "dataSrc": "images/frontend/hezuo/a3.jpg",
                  "fileType": "file",
                  "size": "19KB",
                  "children": []
                },
                {
                  "dataName": "a9.png",
                  "dataSrc": "images/frontend/hezuo/a9.png",
                  "fileType": "file",
                  "size": "4KB",
                  "children": []
                },
                {
                  "dataName": "img1.jpg",
                  "dataSrc": "images/frontend/hezuo/img1.jpg",
                  "fileType": "file",
                  "size": "19KB",
                  "children": []
                },
                {
                  "dataName": "img2.png",
                  "dataSrc": "images/frontend/hezuo/img2.png",
                  "fileType": "file",
                  "size": "8KB",
                  "children": []
                },
                {
                  "dataName": "img3.png",
                  "dataSrc": "images/frontend/hezuo/img3.png",
                  "fileType": "file",
                  "size": "4KB",
                  "children": []
                },
                {
                  "dataName": "img4.png",
                  "dataSrc": "images/frontend/hezuo/img4.png",
                  "fileType": "file",
                  "size": "8KB",
                  "children": []
                }
              ]
            },
            {
              "dataName": "ib.jpg",
              "dataSrc": "images/frontend/ib.jpg",
              "fileType": "file",
              "size": "255KB",
              "children": []
            },
            {
              "dataName": "logo.png",
              "dataSrc": "images/frontend/logo.png",
              "fileType": "file",
              "size": "331KB",
              "children": []
            },
            {
              "dataName": "nbg.jpg",
              "dataSrc": "images/frontend/nbg.jpg",
              "fileType": "file",
              "size": "325KB",
              "children": []
            }
          ]
        },
        {
          "dataName": "ui",
          "dataSrc": "images/ui",
          "fileType": "folder",
          "size": "",
          "children": [
            {
              "dataName": "process",
              "dataSrc": "images/ui/process",
              "fileType": "folder",
              "size": "",
              "children": [
                {
                  "dataName": "yuan.png",
                  "dataSrc": "images/ui/process/yuan.png",
                  "fileType": "file",
                  "size": "330KB",
                  "children": []
                }
              ]
            },
            {
              "dataName": "select-icon.png",
              "dataSrc": "images/ui/select-icon.png",
              "fileType": "file",
              "size": "2KB",
              "children": []
            },
            {
              "dataName": "u-silder",
              "dataSrc": "images/ui/u-silder",
              "fileType": "folder",
              "size": "",
              "children": [
                {
                  "dataName": "month_chinese.png",
                  "dataSrc": "images/ui/u-silder/month_chinese.png",
                  "fileType": "file",
                  "size": "1KB",
                  "children": []
                }
              ]
            }
          ]
        }
      ]
    },
    {
      "dataName": "index.html",
      "dataSrc": "index.html",
      "fileType": "file",
      "size": "13KB",
      "children": []
    },
    {
      "dataName": "js",
      "dataSrc": "js",
      "fileType": "folder",
      "size": "",
      "children": [
        {
          "dataName": "common.js",
          "dataSrc": "js/common.js",
          "fileType": "file",
          "size": "1KB",
          "children": []
        },
        {
          "dataName": "datepicker",
          "dataSrc": "js/datepicker",
          "fileType": "folder",
          "size": "",
          "children": [
            {
              "dataName": "css",
              "dataSrc": "js/datepicker/css",
              "fileType": "folder",
              "size": "",
              "children": [
                {
                  "dataName": "bootstrap-datepicker.css",
                  "dataSrc": "js/datepicker/css/bootstrap-datepicker.css",
                  "fileType": "file",
                  "size": "18KB",
                  "children": []
                },
                {
                  "dataName": "bootstrap.css",
                  "dataSrc": "js/datepicker/css/bootstrap.css",
                  "fileType": "file",
                  "size": "37KB",
                  "children": []
                }
              ]
            },
            {
              "dataName": "fonts",
              "dataSrc": "js/datepicker/fonts",
              "fileType": "folder",
              "size": "",
              "children": [
                {
                  "dataName": "glyphicons-halflings-regular.eot",
                  "dataSrc": "js/datepicker/fonts/glyphicons-halflings-regular.eot",
                  "fileType": "file",
                  "size": "20KB",
                  "children": []
                },
                {
                  "dataName": "glyphicons-halflings-regular.svg",
                  "dataSrc": "js/datepicker/fonts/glyphicons-halflings-regular.svg",
                  "fileType": "file",
                  "size": "107KB",
                  "children": []
                },
                {
                  "dataName": "glyphicons-halflings-regular.ttf",
                  "dataSrc": "js/datepicker/fonts/glyphicons-halflings-regular.ttf",
                  "fileType": "file",
                  "size": "45KB",
                  "children": []
                },
                {
                  "dataName": "glyphicons-halflings-regular.woff",
                  "dataSrc": "js/datepicker/fonts/glyphicons-halflings-regular.woff",
                  "fileType": "file",
                  "size": "23KB",
                  "children": []
                },
                {
                  "dataName": "glyphicons-halflings-regular.woff2",
                  "dataSrc": "js/datepicker/fonts/glyphicons-halflings-regular.woff2",
                  "fileType": "file",
                  "size": "18KB",
                  "children": []
                }
              ]
            },
            {
              "dataName": "js",
              "dataSrc": "js/datepicker/js",
              "fileType": "folder",
              "size": "",
              "children": [
                {
                  "dataName": "bootstrap-datepicker.js",
                  "dataSrc": "js/datepicker/js/bootstrap-datepicker.js",
                  "fileType": "file",
                  "size": "54KB",
                  "children": []
                }
              ]
            },
            {
              "dataName": "locales",
              "dataSrc": "js/datepicker/locales",
              "fileType": "folder",
              "size": "",
              "children": [
                {
                  "dataName": "bootstrap-datepicker.zh-CN.min.js",
                  "dataSrc": "js/datepicker/locales/bootstrap-datepicker.zh-CN.min.js",
                  "fileType": "file",
                  "size": "1KB",
                  "children": []
                }
              ]
            }
          ]
        },
        {
          "dataName": "echarts-all.js",
          "dataSrc": "js/echarts-all.js",
          "fileType": "file",
          "size": "2138KB",
          "children": []
        },
        {
          "dataName": "jquery.js",
          "dataSrc": "js/jquery.js",
          "fileType": "file",
          "size": "257KB",
          "children": []
        },
        {
          "dataName": "jquery.pagination.js",
          "dataSrc": "js/jquery.pagination.js",
          "fileType": "file",
          "size": "7KB",
          "children": []
        },
        {
          "dataName": "jquery.select.js",
          "dataSrc": "js/jquery.select.js",
          "fileType": "file",
          "size": "2KB",
          "children": []
        },
        {
          "dataName": "layer",
          "dataSrc": "js/layer",
          "fileType": "folder",
          "size": "",
          "children": [
            {
              "dataName": "extend",
              "dataSrc": "js/layer/extend",
              "fileType": "folder",
              "size": "",
              "children": [
                {
                  "dataName": "layer.ext.js",
                  "dataSrc": "js/layer/extend/layer.ext.js",
                  "fileType": "file",
                  "size": "5KB",
                  "children": []
                }
              ]
            },
            {
              "dataName": "layer.js",
              "dataSrc": "js/layer/layer.js",
              "fileType": "file",
              "size": "15KB",
              "children": []
            },
            {
              "dataName": "skin",
              "dataSrc": "js/layer/skin",
              "fileType": "folder",
              "size": "",
              "children": [
                {
                  "dataName": "default",
                  "dataSrc": "js/layer/skin/default",
                  "fileType": "folder",
                  "size": "",
                  "children": [
                    {
                      "dataName": "icon-ext.png",
                      "dataSrc": "js/layer/skin/default/icon-ext.png",
                      "fileType": "file",
                      "size": "6KB",
                      "children": []
                    },
                    {
                      "dataName": "icon.png",
                      "dataSrc": "js/layer/skin/default/icon.png",
                      "fileType": "file",
                      "size": "12KB",
                      "children": []
                    },
                    {
                      "dataName": "loading-0.gif",
                      "dataSrc": "js/layer/skin/default/loading-0.gif",
                      "fileType": "file",
                      "size": "6KB",
                      "children": []
                    },
                    {
                      "dataName": "loading-1.gif",
                      "dataSrc": "js/layer/skin/default/loading-1.gif",
                      "fileType": "file",
                      "size": "1KB",
                      "children": []
                    },
                    {
                      "dataName": "loading-2.gif",
                      "dataSrc": "js/layer/skin/default/loading-2.gif",
                      "fileType": "file",
                      "size": "2KB",
                      "children": []
                    }
                  ]
                },
                {
                  "dataName": "layer.css",
                  "dataSrc": "js/layer/skin/layer.css",
                  "fileType": "file",
                  "size": "12KB",
                  "children": []
                },
                {
                  "dataName": "layer.ext.css",
                  "dataSrc": "js/layer/skin/layer.ext.css",
                  "fileType": "file",
                  "size": "3KB",
                  "children": []
                },
                {
                  "dataName": "osa",
                  "dataSrc": "js/layer/skin/osa",
                  "fileType": "folder",
                  "size": "",
                  "children": [
                    {
                      "dataName": "close.png",
                      "dataSrc": "js/layer/skin/osa/close.png",
                      "fileType": "file",
                      "size": "143KB",
                      "children": []
                    },
                    {
                      "dataName": "default.png",
                      "dataSrc": "js/layer/skin/osa/default.png",
                      "fileType": "file",
                      "size": "15KB",
                      "children": []
                    },
                    {
                      "dataName": "style.css",
                      "dataSrc": "js/layer/skin/osa/style.css",
                      "fileType": "file",
                      "size": "3KB",
                      "children": []
                    }
                  ]
                }
              ]
            }
          ]
        },
        {
          "dataName": "select2",
          "dataSrc": "js/select2",
          "fileType": "folder",
          "size": "",
          "children": [
            {
              "dataName": "css",
              "dataSrc": "js/select2/css",
              "fileType": "folder",
              "size": "",
              "children": [
                {
                  "dataName": "select2.css",
                  "dataSrc": "js/select2/css/select2.css",
                  "fileType": "file",
                  "size": "18KB",
                  "children": []
                },
                {
                  "dataName": "select2.min.css",
                  "dataSrc": "js/select2/css/select2.min.css",
                  "fileType": "file",
                  "size": "15KB",
                  "children": []
                }
              ]
            },
            {
              "dataName": "js",
              "dataSrc": "js/select2/js",
              "fileType": "folder",
              "size": "",
              "children": [
                {
                  "dataName": "i18n",
                  "dataSrc": "js/select2/js/i18n",
                  "fileType": "folder",
                  "size": "",
                  "children": [
                    {
                      "dataName": "ar.js",
                      "dataSrc": "js/select2/js/i18n/ar.js",
                      "fileType": "file",
                      "size": "1KB",
                      "children": []
                    },
                    {
                      "dataName": "az.js",
                      "dataSrc": "js/select2/js/i18n/az.js",
                      "fileType": "file",
                      "size": "1KB",
                      "children": []
                    },
                    {
                      "dataName": "bg.js",
                      "dataSrc": "js/select2/js/i18n/bg.js",
                      "fileType": "file",
                      "size": "1KB",
                      "children": []
                    },
                    {
                      "dataName": "ca.js",
                      "dataSrc": "js/select2/js/i18n/ca.js",
                      "fileType": "file",
                      "size": "1KB",
                      "children": []
                    },
                    {
                      "dataName": "cs.js",
                      "dataSrc": "js/select2/js/i18n/cs.js",
                      "fileType": "file",
                      "size": "2KB",
                      "children": []
                    },
                    {
                      "dataName": "da.js",
                      "dataSrc": "js/select2/js/i18n/da.js",
                      "fileType": "file",
                      "size": "1KB",
                      "children": []
                    },
                    {
                      "dataName": "de.js",
                      "dataSrc": "js/select2/js/i18n/de.js",
                      "fileType": "file",
                      "size": "1KB",
                      "children": []
                    },
                    {
                      "dataName": "en.js",
                      "dataSrc": "js/select2/js/i18n/en.js",
                      "fileType": "file",
                      "size": "1KB",
                      "children": []
                    },
                    {
                      "dataName": "es.js",
                      "dataSrc": "js/select2/js/i18n/es.js",
                      "fileType": "file",
                      "size": "1KB",
                      "children": []
                    },
                    {
                      "dataName": "et.js",
                      "dataSrc": "js/select2/js/i18n/et.js",
                      "fileType": "file",
                      "size": "1KB",
                      "children": []
                    },
                    {
                      "dataName": "eu.js",
                      "dataSrc": "js/select2/js/i18n/eu.js",
                      "fileType": "file",
                      "size": "1KB",
                      "children": []
                    },
                    {
                      "dataName": "fa.js",
                      "dataSrc": "js/select2/js/i18n/fa.js",
                      "fileType": "file",
                      "size": "1KB",
                      "children": []
                    },
                    {
                      "dataName": "fi.js",
                      "dataSrc": "js/select2/js/i18n/fi.js",
                      "fileType": "file",
                      "size": "1KB",
                      "children": []
                    },
                    {
                      "dataName": "fr.js",
                      "dataSrc": "js/select2/js/i18n/fr.js",
                      "fileType": "file",
                      "size": "1KB",
                      "children": []
                    },
                    {
                      "dataName": "gl.js",
                      "dataSrc": "js/select2/js/i18n/gl.js",
                      "fileType": "file",
                      "size": "1KB",
                      "children": []
                    },
                    {
                      "dataName": "he.js",
                      "dataSrc": "js/select2/js/i18n/he.js",
                      "fileType": "file",
                      "size": "1KB",
                      "children": []
                    },
                    {
                      "dataName": "hi.js",
                      "dataSrc": "js/select2/js/i18n/hi.js",
                      "fileType": "file",
                      "size": "2KB",
                      "children": []
                    },
                    {
                      "dataName": "hr.js",
                      "dataSrc": "js/select2/js/i18n/hr.js",
                      "fileType": "file",
                      "size": "1KB",
                      "children": []
                    },
                    {
                      "dataName": "hu.js",
                      "dataSrc": "js/select2/js/i18n/hu.js",
                      "fileType": "file",
                      "size": "1KB",
                      "children": []
                    },
                    {
                      "dataName": "id.js",
                      "dataSrc": "js/select2/js/i18n/id.js",
                      "fileType": "file",
                      "size": "1KB",
                      "children": []
                    },
                    {
                      "dataName": "is.js",
                      "dataSrc": "js/select2/js/i18n/is.js",
                      "fileType": "file",
                      "size": "1KB",
                      "children": []
                    },
                    {
                      "dataName": "it.js",
                      "dataSrc": "js/select2/js/i18n/it.js",
                      "fileType": "file",
                      "size": "1KB",
                      "children": []
                    },
                    {
                      "dataName": "ja.js",
                      "dataSrc": "js/select2/js/i18n/ja.js",
                      "fileType": "file",
                      "size": "1KB",
                      "children": []
                    },
                    {
                      "dataName": "ko.js",
                      "dataSrc": "js/select2/js/i18n/ko.js",
                      "fileType": "file",
                      "size": "1KB",
                      "children": []
                    },
                    {
                      "dataName": "lt.js",
                      "dataSrc": "js/select2/js/i18n/lt.js",
                      "fileType": "file",
                      "size": "1KB",
                      "children": []
                    },
                    {
                      "dataName": "lv.js",
                      "dataSrc": "js/select2/js/i18n/lv.js",
                      "fileType": "file",
                      "size": "1KB",
                      "children": []
                    },
                    {
                      "dataName": "mk.js",
                      "dataSrc": "js/select2/js/i18n/mk.js",
                      "fileType": "file",
                      "size": "1KB",
                      "children": []
                    },
                    {
                      "dataName": "ms.js",
                      "dataSrc": "js/select2/js/i18n/ms.js",
                      "fileType": "file",
                      "size": "1KB",
                      "children": []
                    },
                    {
                      "dataName": "nb.js",
                      "dataSrc": "js/select2/js/i18n/nb.js",
                      "fileType": "file",
                      "size": "1KB",
                      "children": []
                    },
                    {
                      "dataName": "nl.js",
                      "dataSrc": "js/select2/js/i18n/nl.js",
                      "fileType": "file",
                      "size": "1KB",
                      "children": []
                    },
                    {
                      "dataName": "pl.js",
                      "dataSrc": "js/select2/js/i18n/pl.js",
                      "fileType": "file",
                      "size": "1KB",
                      "children": []
                    },
                    {
                      "dataName": "pt-BR.js",
                      "dataSrc": "js/select2/js/i18n/pt-BR.js",
                      "fileType": "file",
                      "size": "1KB",
                      "children": []
                    },
                    {
                      "dataName": "pt.js",
                      "dataSrc": "js/select2/js/i18n/pt.js",
                      "fileType": "file",
                      "size": "1KB",
                      "children": []
                    },
                    {
                      "dataName": "ro.js",
                      "dataSrc": "js/select2/js/i18n/ro.js",
                      "fileType": "file",
                      "size": "1KB",
                      "children": []
                    },
                    {
                      "dataName": "ru.js",
                      "dataSrc": "js/select2/js/i18n/ru.js",
                      "fileType": "file",
                      "size": "2KB",
                      "children": []
                    },
                    {
                      "dataName": "sk.js",
                      "dataSrc": "js/select2/js/i18n/sk.js",
                      "fileType": "file",
                      "size": "2KB",
                      "children": []
                    },
                    {
                      "dataName": "sr-Cyrl.js",
                      "dataSrc": "js/select2/js/i18n/sr-Cyrl.js",
                      "fileType": "file",
                      "size": "2KB",
                      "children": []
                    },
                    {
                      "dataName": "sr.js",
                      "dataSrc": "js/select2/js/i18n/sr.js",
                      "fileType": "file",
                      "size": "1KB",
                      "children": []
                    },
                    {
                      "dataName": "sv.js",
                      "dataSrc": "js/select2/js/i18n/sv.js",
                      "fileType": "file",
                      "size": "1KB",
                      "children": []
                    },
                    {
                      "dataName": "th.js",
                      "dataSrc": "js/select2/js/i18n/th.js",
                      "fileType": "file",
                      "size": "1KB",
                      "children": []
                    },
                    {
                      "dataName": "tr.js",
                      "dataSrc": "js/select2/js/i18n/tr.js",
                      "fileType": "file",
                      "size": "1KB",
                      "children": []
                    },
                    {
                      "dataName": "uk.js",
                      "dataSrc": "js/select2/js/i18n/uk.js",
                      "fileType": "file",
                      "size": "2KB",
                      "children": []
                    },
                    {
                      "dataName": "vi.js",
                      "dataSrc": "js/select2/js/i18n/vi.js",
                      "fileType": "file",
                      "size": "1KB",
                      "children": []
                    },
                    {
                      "dataName": "zh-CN.js",
                      "dataSrc": "js/select2/js/i18n/zh-CN.js",
                      "fileType": "file",
                      "size": "1KB",
                      "children": []
                    },
                    {
                      "dataName": "zh-TW.js",
                      "dataSrc": "js/select2/js/i18n/zh-TW.js",
                      "fileType": "file",
                      "size": "1KB",
                      "children": []
                    }
                  ]
                },
                {
                  "dataName": "select2.full.js",
                  "dataSrc": "js/select2/js/select2.full.js",
                  "fileType": "file",
                  "size": "161KB",
                  "children": []
                },
                {
                  "dataName": "select2.full.min.js",
                  "dataSrc": "js/select2/js/select2.full.min.js",
                  "fileType": "file",
                  "size": "72KB",
                  "children": []
                },
                {
                  "dataName": "select2.js",
                  "dataSrc": "js/select2/js/select2.js",
                  "fileType": "file",
                  "size": "141KB",
                  "children": []
                },
                {
                  "dataName": "select2.min.js",
                  "dataSrc": "js/select2/js/select2.min.js",
                  "fileType": "file",
                  "size": "64KB",
                  "children": []
                }
              ]
            }
          ]
        },
        {
          "dataName": "swiper.js",
          "dataSrc": "js/swiper.js",
          "fileType": "file",
          "size": "125KB",
          "children": []
        },
        {
          "dataName": "usider.js",
          "dataSrc": "js/usider.js",
          "fileType": "file",
          "size": "10KB",
          "children": []
        }
      ]
    },
    {
      "dataName": "service.html",
      "dataSrc": "service.html",
      "fileType": "file",
      "size": "21KB",
      "children": []
    },
    {
      "dataName": "_menu.json",
      "dataSrc": "_menu.json",
      "fileType": "file",
      "size": "2KB",
      "children": []
    },
    {
      "dataName": "找免费网站模板就上【模板之家】cssMoban.com.url",
      "dataSrc": "找免费网站模板就上【模板之家】cssMoban.com.url",
      "fileType": "file",
      "size": "1KB",
      "children": []
    },
    {
      "dataName": "说明.txt",
      "dataSrc": "说明.txt",
      "fileType": "file",
      "size": "3KB",
      "children": []
    },
    {
      "dataName": "3000套网站模板免费拥有.url",
      "dataSrc": "3000套网站模板免费拥有.url",
      "fileType": "file",
      "size": "1KB",
      "children": []
    },
    {
      "dataName": "css",
      "dataSrc": "css",
      "fileType": "folder",
      "size": "",
      "children": [
        {
          "dataName": "style.css",
          "dataSrc": "css/style.css",
          "fileType": "file",
          "size": "12KB",
          "children": []
        }
      ]
    },
    {
      "dataName": "images",
      "dataSrc": "images",
      "fileType": "folder",
      "size": "",
      "children": [
        {
          "dataName": "banner.jpg",
          "dataSrc": "images/banner.jpg",
          "fileType": "file",
          "size": "667KB",
          "children": []
        },
        {
          "dataName": "tick.png",
          "dataSrc": "images/tick.png",
          "fileType": "file",
          "size": "3KB",
          "children": []
        }
      ]
    },
    {
      "dataName": "index.html",
      "dataSrc": "index.html",
      "fileType": "file",
      "size": "4KB",
      "children": []
    },
    {
      "dataName": "js",
      "dataSrc": "js",
      "fileType": "folder",
      "size": "",
      "children": [
        {
          "dataName": "index.js",
          "dataSrc": "js/index.js",
          "fileType": "file",
          "size": "1KB",
          "children": []
        },
        {
          "dataName": "jquery.min.js",
          "dataSrc": "js/jquery.min.js",
          "fileType": "file",
          "size": "83KB",
          "children": []
        }
      ]
    },
    {
      "dataName": "_menu.json",
      "dataSrc": "_menu.json",
      "fileType": "file",
      "size": "1KB",
      "children": []
    },
    {
      "dataName": "找免费网站模板就上【模板之家】cssMoban.com.url",
      "dataSrc": "找免费网站模板就上【模板之家】cssMoban.com.url",
      "fileType": "file",
      "size": "1KB",
      "children": []
    },
    {
      "dataName": "说明.txt",
      "dataSrc": "说明.txt",
      "fileType": "file",
      "size": "3KB",
      "children": []
    },
    {
      "dataName": "3000套网站模板免费拥有.url",
      "dataSrc": "3000套网站模板免费拥有.url",
      "fileType": "file",
      "size": "1KB",
      "children": []
    },
    {
      "dataName": "Contact.html",
      "dataSrc": "Contact.html",
      "fileType": "file",
      "size": "6KB",
      "children": []
    },
    {
      "dataName": "css",
      "dataSrc": "css",
      "fileType": "folder",
      "size": "",
      "children": [
        {
          "dataName": "base.css",
          "dataSrc": "css/base.css",
          "fileType": "file",
          "size": "3KB",
          "children": []
        },
        {
          "dataName": "Contact.css",
          "dataSrc": "css/Contact.css",
          "fileType": "file",
          "size": "2KB",
          "children": []
        },
        {
          "dataName": "Distribution.css",
          "dataSrc": "css/Distribution.css",
          "fileType": "file",
          "size": "3KB",
          "children": []
        },
        {
          "dataName": "index.css",
          "dataSrc": "css/index.css",
          "fileType": "file",
          "size": "4KB",
          "children": []
        },
        {
          "dataName": "news.css",
          "dataSrc": "css/news.css",
          "fileType": "file",
          "size": "4KB",
          "children": []
        },
        {
          "dataName": "news_Details.css",
          "dataSrc": "css/news_Details.css",
          "fileType": "file",
          "size": "3KB",
          "children": []
        },
        {
          "dataName": "problem.css",
          "dataSrc": "css/problem.css",
          "fileType": "file",
          "size": "3KB",
          "children": []
        },
        {
          "dataName": "Products.css",
          "dataSrc": "css/Products.css",
          "fileType": "file",
          "size": "4KB",
          "children": []
        },
        {
          "dataName": "Products_Details.css",
          "dataSrc": "css/Products_Details.css",
          "fileType": "file",
          "size": "3KB",
          "children": []
        },
        {
          "dataName": "summary.css",
          "dataSrc": "css/summary.css",
          "fileType": "file",
          "size": "3KB",
          "children": []
        }
      ]
    },
    {
      "dataName": "Distribution.html",
      "dataSrc": "Distribution.html",
      "fileType": "file",
      "size": "8KB",
      "children": []
    },
    {
      "dataName": "images",
      "dataSrc": "images",
      "fileType": "folder",
      "size": "",
      "children": [
        {
          "dataName": "banner.gif",
          "dataSrc": "images/banner.gif",
          "fileType": "file",
          "size": "120KB",
          "children": []
        },
        {
          "dataName": "banner2.gif",
          "dataSrc": "images/banner2.gif",
          "fileType": "file",
          "size": "38KB",
          "children": []
        },
        {
          "dataName": "banner3.gif",
          "dataSrc": "images/banner3.gif",
          "fileType": "file",
          "size": "62KB",
          "children": []
        },
        {
          "dataName": "Beauty.gif",
          "dataSrc": "images/Beauty.gif",
          "fileType": "file",
          "size": "16KB",
          "children": []
        },
        {
          "dataName": "bg_Contact .gif",
          "dataSrc": "images/bg_Contact .gif",
          "fileType": "file",
          "size": "16KB",
          "children": []
        },
        {
          "dataName": "Button.gif",
          "dataSrc": "images/Button.gif",
          "fileType": "file",
          "size": "3KB",
          "children": []
        },
        {
          "dataName": "Button2.gif",
          "dataSrc": "images/Button2.gif",
          "fileType": "file",
          "size": "2KB",
          "children": []
        },
        {
          "dataName": "button_left.gif",
          "dataSrc": "images/button_left.gif",
          "fileType": "file",
          "size": "2KB",
          "children": []
        },
        {
          "dataName": "button_right.gif",
          "dataSrc": "images/button_right.gif",
          "fileType": "file",
          "size": "2KB",
          "children": []
        },
        {
          "dataName": "Details_p.gif",
          "dataSrc": "images/Details_p.gif",
          "fileType": "file",
          "size": "41KB",
          "children": []
        },
        {
          "dataName": "Highlight.gif",
          "dataSrc": "images/Highlight.gif",
          "fileType": "file",
          "size": "2KB",
          "children": []
        },
        {
          "dataName": "icon.gif",
          "dataSrc": "images/icon.gif",
          "fileType": "file",
          "size": "2KB",
          "children": []
        },
        {
          "dataName": "icon2.gif",
          "dataSrc": "images/icon2.gif",
          "fileType": "file",
          "size": "2KB",
          "children": []
        },
        {
          "dataName": "icon3.gif",
          "dataSrc": "images/icon3.gif",
          "fileType": "file",
          "size": "2KB",
          "children": []
        },
        {
          "dataName": "icon4.gif",
          "dataSrc": "images/icon4.gif",
          "fileType": "file",
          "size": "2KB",
          "children": []
        },
        {
          "dataName": "icon5.gif.gif",
          "dataSrc": "images/icon5.gif.gif",
          "fileType": "file",
          "size": "2KB",
          "children": []
        },
        {
          "dataName": "icon6.gif.gif",
          "dataSrc": "images/icon6.gif.gif",
          "fileType": "file",
          "size": "2KB",
          "children": []
        },
        {
          "dataName": "logo.gif",
          "dataSrc": "images/logo.gif",
          "fileType": "file",
          "size": "29KB",
          "children": []
        },
        {
          "dataName": "Map.gif",
          "dataSrc": "images/Map.gif",
          "fileType": "file",
          "size": "38KB",
          "children": []
        },
        {
          "dataName": "Map2.gif",
          "dataSrc": "images/Map2.gif",
          "fileType": "file",
          "size": "61KB",
          "children": []
        },
        {
          "dataName": "nav.gif",
          "dataSrc": "images/nav.gif",
          "fileType": "file",
          "size": "2KB",
          "children": []
        },
        {
          "dataName": "news_p_03.gif",
          "dataSrc": "images/news_p_03.gif",
          "fileType": "file",
          "size": "40KB",
          "children": []
        },
        {
          "dataName": "p1.gif",
          "dataSrc": "images/p1.gif",
          "fileType": "file",
          "size": "22KB",
          "children": []
        },
        {
          "dataName": "p2.gif",
          "dataSrc": "images/p2.gif",
          "fileType": "file",
          "size": "15KB",
          "children": []
        },
        {
          "dataName": "p3.gif",
          "dataSrc": "images/p3.gif",
          "fileType": "file",
          "size": "10KB",
          "children": []
        },
        {
          "dataName": "p6.gif",
          "dataSrc": "images/p6.gif",
          "fileType": "file",
          "size": "12KB",
          "children": []
        },
        {
          "dataName": "p7.gif",
          "dataSrc": "images/p7.gif",
          "fileType": "file",
          "size": "16KB",
          "children": []
        },
        {
          "dataName": "phone_03.gif",
          "dataSrc": "images/phone_03.gif",
          "fileType": "file",
          "size": "3KB",
          "children": []
        },
        {
          "dataName": "Point.gif",
          "dataSrc": "images/Point.gif",
          "fileType": "file",
          "size": "2KB",
          "children": []
        },
        {
          "dataName": "Point1.gif",
          "dataSrc": "images/Point1.gif",
          "fileType": "file",
          "size": "2KB",
          "children": []
        }
      ]
    },
    {
      "dataName": "index.html",
      "dataSrc": "index.html",
      "fileType": "file",
      "size": "9KB",
      "children": []
    },
    {
      "dataName": "js",
      "dataSrc": "js",
      "fileType": "folder",
      "size": "",
      "children": [
        {
          "dataName": "jquery-1.8.3.min.js",
          "dataSrc": "js/jquery-1.8.3.min.js",
          "fileType": "file",
          "size": "92KB",
          "children": []
        },
        {
          "dataName": "jquery.js",
          "dataSrc": "js/jquery.js",
          "fileType": "file",
          "size": "92KB",
          "children": []
        },
        {
          "dataName": "js.js",
          "dataSrc": "js/js.js",
          "fileType": "file",
          "size": "2KB",
          "children": []
        }
      ]
    },
    {
      "dataName": "news.html",
      "dataSrc": "news.html",
      "fileType": "file",
      "size": "11KB",
      "children": []
    },
    {
      "dataName": "news_Details.html",
      "dataSrc": "news_Details.html",
      "fileType": "file",
      "size": "7KB",
      "children": []
    },
    {
      "dataName": "problem.html",
      "dataSrc": "problem.html",
      "fileType": "file",
      "size": "8KB",
      "children": []
    },
    {
      "dataName": "Products.html",
      "dataSrc": "Products.html",
      "fileType": "file",
      "size": "7KB",
      "children": []
    },
    {
      "dataName": "Products_Details.html",
      "dataSrc": "Products_Details.html",
      "fileType": "file",
      "size": "9KB",
      "children": []
    },
    {
      "dataName": "summary.html",
      "dataSrc": "summary.html",
      "fileType": "file",
      "size": "7KB",
      "children": []
    },
    {
      "dataName": "_menu.json",
      "dataSrc": "_menu.json",
      "fileType": "file",
      "size": "1KB",
      "children": []
    },
    {
      "dataName": "找免费网站模板就上【模板之家】cssMoban.com.url",
      "dataSrc": "找免费网站模板就上【模板之家】cssMoban.com.url",
      "fileType": "file",
      "size": "1KB",
      "children": []
    },
    {
      "dataName": "说明.txt",
      "dataSrc": "说明.txt",
      "fileType": "file",
      "size": "3KB",
      "children": []
    },
    {
      "dataName": "3000套网站模板免费拥有.url",
      "dataSrc": "3000套网站模板免费拥有.url",
      "fileType": "file",
      "size": "1KB",
      "children": []
    },
    {
      "dataName": "about.html",
      "dataSrc": "about.html",
      "fileType": "file",
      "size": "7KB",
      "children": []
    },
    {
      "dataName": "blog.html",
      "dataSrc": "blog.html",
      "fileType": "file",
      "size": "13KB",
      "children": []
    },
    {
      "dataName": "contact.html",
      "dataSrc": "contact.html",
      "fileType": "file",
      "size": "6KB",
      "children": []
    },
    {
      "dataName": "css",
      "dataSrc": "css",
      "fileType": "folder",
      "size": "",
      "children": [
        {
          "dataName": "animate.css",
          "dataSrc": "css/animate.css",
          "fileType": "file",
          "size": "70KB",
          "children": []
        },
        {
          "dataName": "bootstrap.css",
          "dataSrc": "css/bootstrap.css",
          "fileType": "file",
          "size": "132KB",
          "children": []
        },
        {
          "dataName": "flexslider.css",
          "dataSrc": "css/flexslider.css",
          "fileType": "file",
          "size": "7KB",
          "children": []
        },
        {
          "dataName": "icomoon.css",
          "dataSrc": "css/icomoon.css",
          "fileType": "file",
          "size": "29KB",
          "children": []
        },
        {
          "dataName": "style.css",
          "dataSrc": "css/style.css",
          "fileType": "file",
          "size": "25KB",
          "children": []
        }
      ]
    },
    {
      "dataName": "fonts",
      "dataSrc": "fonts",
      "fileType": "folder",
      "size": "",
      "children": [
        {
          "dataName": "bootstrap",
          "dataSrc": "fonts/bootstrap",
          "fileType": "folder",
          "size": "",
          "children": [
            {
              "dataName": "glyphicons-halflings-regular.eot",
              "dataSrc": "fonts/bootstrap/glyphicons-halflings-regular.eot",
              "fileType": "file",
              "size": "20KB",
              "children": []
            },
            {
              "dataName": "glyphicons-halflings-regular.svg",
              "dataSrc": "fonts/bootstrap/glyphicons-halflings-regular.svg",
              "fileType": "file",
              "size": "107KB",
              "children": []
            },
            {
              "dataName": "glyphicons-halflings-regular.ttf",
              "dataSrc": "fonts/bootstrap/glyphicons-halflings-regular.ttf",
              "fileType": "file",
              "size": "45KB",
              "children": []
            },
            {
              "dataName": "glyphicons-halflings-regular.woff",
              "dataSrc": "fonts/bootstrap/glyphicons-halflings-regular.woff",
              "fileType": "file",
              "size": "23KB",
              "children": []
            },
            {
              "dataName": "glyphicons-halflings-regular.woff2",
              "dataSrc": "fonts/bootstrap/glyphicons-halflings-regular.woff2",
              "fileType": "file",
              "size": "18KB",
              "children": []
            }
          ]
        },
        {
          "dataName": "icomoon",
          "dataSrc": "fonts/icomoon",
          "fileType": "folder",
          "size": "",
          "children": [
            {
              "dataName": "icomoon.eot",
              "dataSrc": "fonts/icomoon/icomoon.eot",
              "fileType": "file",
              "size": "153KB",
              "children": []
            },
            {
              "dataName": "icomoon.svg",
              "dataSrc": "fonts/icomoon/icomoon.svg",
              "fileType": "file",
              "size": "554KB",
              "children": []
            },
            {
              "dataName": "icomoon.ttf",
              "dataSrc": "fonts/icomoon/icomoon.ttf",
              "fileType": "file",
              "size": "152KB",
              "children": []
            },
            {
              "dataName": "icomoon.woff",
              "dataSrc": "fonts/icomoon/icomoon.woff",
              "fileType": "file",
              "size": "152KB",
              "children": []
            }
          ]
        }
      ]
    },
    {
      "dataName": "images",
      "dataSrc": "images",
      "fileType": "folder",
      "size": "",
      "children": [
        {
          "dataName": "img-1.jpg",
          "dataSrc": "images/img-1.jpg",
          "fileType": "file",
          "size": "16KB",
          "children": []
        },
        {
          "dataName": "img-2.jpg",
          "dataSrc": "images/img-2.jpg",
          "fileType": "file",
          "size": "41KB",
          "children": []
        },
        {
          "dataName": "img-3.jpg",
          "dataSrc": "images/img-3.jpg",
          "fileType": "file",
          "size": "38KB",
          "children": []
        },
        {
          "dataName": "img-4.jpg",
          "dataSrc": "images/img-4.jpg",
          "fileType": "file",
          "size": "20KB",
          "children": []
        },
        {
          "dataName": "img-5.jpg",
          "dataSrc": "images/img-5.jpg",
          "fileType": "file",
          "size": "19KB",
          "children": []
        },
        {
          "dataName": "img-6.jpg",
          "dataSrc": "images/img-6.jpg",
          "fileType": "file",
          "size": "16KB",
          "children": []
        },
        {
          "dataName": "img_bg_1.jpg",
          "dataSrc": "images/img_bg_1.jpg",
          "fileType": "file",
          "size": "245KB",
          "children": []
        },
        {
          "dataName": "img_bg_2.jpg",
          "dataSrc": "images/img_bg_2.jpg",
          "fileType": "file",
          "size": "46KB",
          "children": []
        },
        {
          "dataName": "img_bg_3.jpg",
          "dataSrc": "images/img_bg_3.jpg",
          "fileType": "file",
          "size": "42KB",
          "children": []
        },
        {
          "dataName": "loc.png",
          "dataSrc": "images/loc.png",
          "fileType": "file",
          "size": "3KB",
          "children": []
        }
      ]
    },
    {
      "dataName": "index.html",
      "dataSrc": "index.html",
      "fileType": "file",
      "size": "11KB",
      "children": []
    },
    {
      "dataName": "js",
      "dataSrc": "js",
      "fileType": "folder",
      "size": "",
      "children": [
        {
          "dataName": "bootstrap.min.js",
          "dataSrc": "js/bootstrap.min.js",
          "fileType": "file",
          "size": "36KB",
          "children": []
        },
        {
          "dataName": "google_map.js",
          "dataSrc": "js/google_map.js",
          "fileType": "file",
          "size": "3KB",
          "children": []
        },
        {
          "dataName": "jquery.easing.1.3.js",
          "dataSrc": "js/jquery.easing.1.3.js",
          "fileType": "file",
          "size": "8KB",
          "children": []
        },
        {
          "dataName": "jquery.flexslider-min.js",
          "dataSrc": "js/jquery.flexslider-min.js",
          "fileType": "file",
          "size": "22KB",
          "children": []
        },
        {
          "dataName": "jquery.min.js",
          "dataSrc": "js/jquery.min.js",
          "fileType": "file",
          "size": "83KB",
          "children": []
        },
        {
          "dataName": "jquery.waypoints.min.js",
          "dataSrc": "js/jquery.waypoints.min.js",
          "fileType": "file",
          "size": "9KB",
          "children": []
        },
        {
          "dataName": "main.js",
          "dataSrc": "js/main.js",
          "fileType": "file",
          "size": "4KB",
          "children": []
        },
        {
          "dataName": "modernizr-2.6.2.min.js",
          "dataSrc": "js/modernizr-2.6.2.min.js",
          "fileType": "file",
          "size": "16KB",
          "children": []
        },
        {
          "dataName": "respond.min.js",
          "dataSrc": "js/respond.min.js",
          "fileType": "file",
          "size": "5KB",
          "children": []
        }
      ]
    },
    {
      "dataName": "portfolio.html",
      "dataSrc": "portfolio.html",
      "fileType": "file",
      "size": "8KB",
      "children": []
    },
    {
      "dataName": "_menu.json",
      "dataSrc": "_menu.json",
      "fileType": "file",
      "size": "1KB",
      "children": []
    },
    {
      "dataName": "找免费网站模板就上【模板之家】cssMoban.com.url",
      "dataSrc": "找免费网站模板就上【模板之家】cssMoban.com.url",
      "fileType": "file",
      "size": "1KB",
      "children": []
    },
    {
      "dataName": "说明.txt",
      "dataSrc": "说明.txt",
      "fileType": "file",
      "size": "3KB",
      "children": []
    }
  ]
}
